Ref,Val,Package,PosX,PosY,Rot,Side
J1,WP7B-P050VA1-R8000,WP7BP050VA1R8000,25.4,-72.15,0,top
J2,WP7B-P050VA1-R8000,WP7BP050VA1R8000,25.4,-42.15,0,top
J3,WP7B-P050VA1-R8000,WP7BP050VA1R8000,76.2,-72.15,0,top
J4,WP7B-P050VA1-R8000,WP7BP050VA1R8000,76.2,-42.15,0,top
J5,WP7B-P050VA1-R8000,WP7BP050VA1R8000,127,-72.15,0,top
J6,WP7B-P050VA1-R8000,WP7BP050VA1R8000,127,-42.15,0,top
J7,WP7B-P050VA1-R8000,WP7BP050VA1R8000,177.8,-72.15,0,top
J8,WP7B-P050VA1-R8000,WP7BP050VA1R8000,177.8,-42.15,0,top
TP51,TestPoint,Keystone-5084-Test-Point,47,-12.775,-90,top
TP102,TestPoint,Keystone-5084-Test-Point,97.8,-12.775,-90,top
TP153,TestPoint,Keystone-5084-Test-Point,148.6,-12.775,-90,top
TP204,TestPoint,Keystone-5084-Test-Point,199.4,-12.775,-90,top
